Var1,bboxnumber,abspos1,abspos2,abspos3,agglo_id,relpos1,relpos2,relpos3
non_spine_synapsed_056,1,14290,10952,15384,19401.0,171,260,350
non_spine_synapse_057,1,14342,10805,15459,9155465.0,223,113,425
non_spine_synapse_058,1,14399,10794,15411,9155412.0,280,102,377
non_spine_synapse_062,1,14257,10813,15336,9155412.0,138,121,302
non_spine_synapse_061,1,14241,10805,15359,9155412.0,122,113,325
non_spine_synapse_060,1,14294,10949,15331,9155412.0,175,257,297
non_spine_synapse_059,1,14419,11075,15438,19401.0,300,383,404
non_spine_synapse_054,1,14393,10850,15222,9155412.0,274,158,188
non_spine_synapse_053,1,14586,11040,15276,478041.0,467,348,242
non_spine_synapse_051,1,14560,11054,15289,478041.0,441,362,255
non_spine_synapse_050,1,14459,10880,15303,10398147.0,340,188,269
non_spine_synapse_049,1,14463,11068,15393,7322850.0,344,376,359
non_spine_synapse_047,1,14586,11117,15352,7322850.0,467,425,318
non_spine_synapse_045,1,14354,10995,15334,19401.0,235,303,300
non_spine_synapse_044,1,14367,10978,15327,19401.0,248,286,293
non_spine_synapse_040,1,14232,10945,15437,19401.0,113,253,403
non_spine_synapse_038,1,14284,11059,15426,19401.0,165,367,392
non_spine_synapse_037,1,14275,10979,15394,19401.0,156,287,360
non_spine_synapse_036,1,14249,10939,15423,19401.0,130,247,389
non_spine_synapse_031,1,14516,11010,15395,19401.0,397,318,361
non_spine_synapse_030,1,14366,10917,15226,9155412.0,247,225,192
non_spine_synapse_028,1,14559,10980,15290,478041.0,440,288,256
non_spine_synapse_027,1,14288,11028,15180,9158918.0,169,336,146
non_spine_synapse_026,1,14371,11069,15302,7322850.0,252,377,268
non_spine_synapse_025,1,14587,11116,15326,7322850.0,468,424,292
non_spine_synapse_023,1,14578,11106,15384,7322850.0,459,414,350
non_spine_synapse_020,1,14269,11058,15192,9158918.0,150,366,158
non_spine_synapse_019,1,14275,11022,15197,9158918.0,156,330,163
non_spine_synapse_017,1,14300,11065,15214,142028.0,181,373,180
non_spine_synapse_016,1,14280,11045,15229,142028.0,161,353,195
non_spine_synapse_015,1,14314,11101,15229,10826515.0,195,409,195
non_spine_synapse_014,1,14330,11129,15229,7322850.0,211,437,195
non_spine_synapse_013,1,14308,10933,15269,9155412.0,189,241,235
non_spine_synapse_012,1,14537,10911,15233,10398147.0,418,219,199
non_spine_synapse_011,1,14471,11029,15375,19401.0,352,337,341
non_spine_synapse_009,1,14383,11136,15503,19401.0,264,444,469
non_spine_synapse_008,1,14296,10958,15379,19401.0,177,266,345
non_spine_synapse_005,1,14486,11046,15403,19401.0,367,354,369
non_spine_synapse_004,1,14458,11062,15429,19401.0,339,370,395
non_spine_synapse_002,1,14371,11080,15429,19401.0,252,388,395
explorative_2024-11-07_Cora_Wolter_133,2,18869,5602,4773,3167315.0,325,193,399
explorative_2024-10-16_Valentin_Pinkau_110,2,18920,5790,4579,29599462.0,376,381,205
explorative_2024-11-07_Cora_Wolter_131,2,18936,5790,4564,29599462.0,392,381,190
explorative_2024-10-17_Valentin_Pinkau_130,2,18889,5530,4546,3167315.0,345,121,172
explorative_2024-10-17_Valentin_Pinkau_129,2,18889,5549,4538,3167315.0,345,140,164
explorative_2024-10-17_Valentin_Pinkau_128,2,18997,5602,4865,3167315.0,453,193,491
explorative_2024-10-17_Valentin_Pinkau_123,2,18745,5602,4798,3167315.0,201,193,424
explorative_2024-10-16_Valentin_Pinkau_118,2,18729,5515,4760,3167315.0,185,106,386
explorative_2024-10-16_Valentin_Pinkau_117,2,18711,5596,4673,3167315.0,167,187,299
explorative_2024-10-16_Valentin_Pinkau_116,2,19018,5518,4706,3167315.0,474,109,332
explorative_2024-10-16_Valentin_Pinkau_114,2,18759,5740,4749,3167315.0,215,331,375
explorative_2024-10-16_Valentin_Pinkau_113,2,18829,5763,4678,3167315.0,285,354,304
explorative_2024-10-16_Valentin_Pinkau_111,2,18740,5768,4617,3167315.0,196,359,243
explorative_2024-10-16_Valentin_Pinkau_109,2,18712,5880,4627,28226804.0,168,471,253
explorative_2024-10-16_Valentin_Pinkau_107,2,18678,5848,4496,29653612.0,134,439,122
explorative_2024-09-02_Ali_Karimi_106,2,18645,5630,4570,3167315.0,101,221,196
explorative_2024-09-02_Ali_Karimi_104,2,19014,5636,4757,3167315.0,470,227,383
explorative_2024-08-29_Dominic_Evans_103,2,18800,5675,4713,3167315.0,256,266,339
explorative_2024-08-29_Vera_Broens_102,2,18805,5634,4657,3167315.0,261,225,283
explorative_2024-08-29_Vera_Broens_099,2,18752,5869,4537,28226804.0,208,460,163
explorative_2024-08-29_Vera_Broens_096,2,18713,5852,4587,28226804.0,169,443,213
explorative_2024-08-29_Vera_Broens_094,2,19017,5712,4651,3167315.0,473,303,277
explorative_2024-08-29_Vera_Broens_093,2,18979,5716,4602,3167315.0,435,307,228
explorative_2024-08-29_Vera_Broens_091,2,18792,5703,4599,3167315.0,248,294,225
explorative_2024-08-29_Vera_Broens_090,2,18722,5669,4602,3167315.0,178,260,228
explorative_2024-08-29_Vera_Broens_088,2,18667,5533,4575,3167315.0,123,124,201
explorative_2024-08-29_Vera_Broens_087,2,18687,5539,4633,3167315.0,143,130,259
explorative_2024-08-29_Vera_Broens_085,2,18732,5569,4701,3167315.0,188,160,327
explorative_2024-08-29_Vera_Broens_083,2,18775,5632,4718,3167315.0,231,223,344
explorative_2024-08-29_Dominic_Evans_081,2,18755,5619,4727,3167315.0,211,210,353
explorative_2024-08-29_Dominic_Evans_080,2,18746,5672,4586,3167315.0,202,263,212
explorative_2024-08-29_Dominic_Evans_079,2,18742,5704,4577,3167315.0,198,295,203
explorative_2024-08-29_Dominic_Evans_078,2,18731,5525,4708,3167315.0,187,116,334
explorative_2024-08-29_Dominic_Evans_077,2,18774,5610,4703,3167315.0,230,201,329
explorative_2024-08-29_Dominic_Evans_076,2,18686,5697,4720,3167315.0,142,288,346
explorative_2024-08-29_Dominic_Evans_075,2,18749,5614,4666,3167315.0,205,205,292
explorative_2024-08-29_Dominic_Evans_074,2,18797,5648,4637,3167315.0,253,239,263
explorative_2024-08-29_Dominic_Evans_073,2,18825,5664,4687,3167315.0,281,255,313
explorative_2024-08-29_Dominic_Evans_072,2,18859,5600,4706,3167315.0,315,191,332
explorative_2024-08-29_Dominic_Evans_071,2,18830,5518,4516,3167315.0,286,109,142
explorative_2024-08-29_Dominic_Evans_070,2,19001,5651,4563,3167315.0,457,242,189
explorative_2024-08-29_Dominic_Evans_069,2,18962,5615,4570,3167315.0,418,206,196
explorative_2024-08-29_Dominic_Evans_068,2,18903,5583,4707,3167315.0,359,174,333
explorative_2024-08-29_Dominic_Evans_067,2,18887,5550,4701,3167315.0,343,141,327
explorative_2024-08-29_Dominic_Evans_066,2,18786,5620,4715,3167315.0,242,211,341
explorative_2024-08-29_Dominic_Evans_065,2,18965,5633,4589,3167315.0,421,224,215
explorative_2024-08-29_Dominic_Evans_064,2,18784,5685,4677,3167315.0,240,276,303
explorative_2024-08-29_Dominic_Evans_063,2,18671,5650,4565,3167315.0,127,241,191
explorative_2024-08-29_Dominic_Evans_062,2,19001,5711,4744,3167315.0,457,302,370
explorative_2024-08-29_Dominic_Evans_061,2,19003,5652,4760,3167315.0,459,243,386
explorative_2024-08-29_Dominic_Evans_060,2,18779,5686,4783,3167315.0,235,277,409
explorative_2024-08-28_Cora_Wolter_059,2,18655,5684,4523,3167315.0,111,275,149
explorative_2024-08-28_Cora_Wolter_058,2,18711,5639,4700,3167315.0,167,230,326
explorative_2024-08-28_Cora_Wolter_054,2,18684,5601,4479,3167315.0,140,192,105
explorative_2024-08-28_Cora_Wolter_053,2,18822,5531,4537,3167315.0,278,122,163
explorative_2024-08-28_Cora_Wolter_052,2,18651,5621,4534,3167315.0,107,212,160
explorative_2024-08-28_Cora_Wolter_051,2,18692,5839,4543,28226804.0,148,430,169
explorative_2024-08-28_Cora_Wolter_050,2,18727,5842,4546,28226804.0,183,433,172
explorative_2024-08-28_Cora_Wolter_048,2,18729,5864,4512,28226804.0,185,455,138
explorative_2024-08-28_Cora_Wolter_047,2,18732,5856,4564,28226804.0,188,447,190
explorative_2024-08-28_Cora_Wolter_046,2,18700,5834,4564,28226804.0,156,425,190
explorative_2024-08-28_Cora_Wolter_044,2,18749,5521,4680,3167315.0,205,112,306
explorative_2024-08-28_Cora_Wolter_043,2,18774,5521,4708,3167315.0,230,112,334
explorative_2024-08-28_Cora_Wolter_042,2,18774,5515,4682,3167315.0,230,106,308
explorative_2024-08-28_Cora_Wolter_041,2,19010,5713,4678,3167315.0,466,304,304
explorative_2024-08-28_Cora_Wolter_040,2,18982,5657,4495,3167315.0,438,248,121
explorative_2024-08-28_Cora_Wolter_039,2,19001,5634,4586,3167315.0,457,225,212
explorative_2024-08-28_Cora_Wolter_037,2,18970,5717,4627,3167315.0,426,308,253
explorative_2024-08-28_Cora_Wolter_036,2,18762,5648,4701,3167315.0,218,239,327
explorative_2024-08-28_Cora_Wolter_034,2,18924,5597,4689,3167315.0,380,188,315
explorative_2024-08-28_Cora_Wolter_033,2,18897,5597,4690,3167315.0,353,188,316
explorative_2024-08-28_Cora_Wolter_032,2,18841,5666,4714,3167315.0,297,257,340
explorative_2024-08-28_Cora_Wolter_031,2,19001,5652,4703,3167315.0,457,243,329
explorative_2024-08-28_Cora_Wolter_030,2,18713,5686,4671,3167315.0,169,277,297
explorative_2024-08-28_Cora_Wolter_029,2,18696,5690,4680,3167315.0,152,281,306
explorative_2024-08-28_Cora_Wolter_028,2,18696,5667,4691,3167315.0,152,258,317
explorative_2024-08-28_Cora_Wolter_027,2,18854,5669,4714,3167315.0,310,260,340
explorative_2024-08-28_Cora_Wolter_026,2,18952,5644,4717,3167315.0,408,235,343
explorative_2024-08-28_Cora_Wolter_025,2,18977,5630,4719,3167315.0,433,221,345
explorative_2024-08-28_Cora_Wolter_024,2,18986,5611,4719,3167315.0,442,202,345
explorative_2024-08-28_Cora_Wolter_023,2,18893,5625,4609,3167315.0,349,216,235
explorative_2024-08-28_Cora_Wolter_021,2,18981,5699,4587,3167315.0,437,290,213
explorative_2024-08-28_Cora_Wolter_019,2,18800,5744,4650,3167315.0,256,335,276
explorative_2024-08-28_Cora_Wolter_016,2,18716,5610,4692,3167315.0,172,201,318
explorative_2024-08-28_Cora_Wolter_015,2,18860,5579,4708,3167315.0,316,170,334
explorative_2024-08-28_Cora_Wolter_014,2,18798,5658,4715,3167315.0,254,249,341
explorative_2024-08-28_Cora_Wolter_013,2,18790,5662,4726,3167315.0,246,253,352
explorative_2024-08-28_Cora_Wolter_012,2,18741,5576,4712,3167315.0,197,167,338
explorative_2024-08-28_Cora_Wolter_011,2,18772,5657,4653,3167315.0,228,248,279
explorative_2024-08-28_Cora_Wolter_010,2,18681,5524,4647,3167315.0,137,115,273
explorative_2024-08-28_Cora_Wolter_009,2,19012,5699,4669,3167315.0,468,290,295
explorative_2024-08-28_Cora_Wolter_008,2,19016,5709,4651,3167315.0,472,300,277
explorative_2024-08-28_Cora_Wolter_007,2,18679,5536,4624,3167315.0,135,127,250
explorative_2024-08-28_Cora_Wolter_006,2,18734,5650,4564,3167315.0,190,241,190
explorative_2024-08-28_Cora_Wolter_005,2,18904,5647,4627,3167315.0,360,238,253
explorative_2024-08-28_Cora_Wolter_004,2,18765,5642,4680,3167315.0,221,233,306
explorative_2024-08-28_Cora_Wolter_003,2,18778,5616,4619,3167315.0,234,207,245
non_spine_synapse_009,3,15034,3897,4674,12448654.0,351,290,458
non_spine_synapse_008,3,14974,3833,4671,12984571.0,291,226,455
non_spine_synapse_006,3,14918,3748,4460,14801476.0,235,141,244
non_spine_synapse_004,3,15136,4074,4419,197923.0,453,467,203
non_spine_synapse_003,3,14889,3691,4422,13062973.0,206,84,206
non_spine_synapse_001,3,14936,4074,4403,12983306.0,253,467,187
non_spine_synapse_060,3,15081,4076,4614,197923.0,398,469,398
non_spine_synapse_059,3,15099,3951,4544,197923.0,416,344,328
non_spine_synapse_058,3,14956,3812,4494,12984571.0,273,205,278
non_spine_synapse_057,3,15086,3733,4429,13061560.0,403,126,213
non_spine_synapse_056,3,15156,3810,4409,12983306.0,473,203,193
non_spine_synapse_055,3,15147,3807,4408,12983306.0,464,200,192
non_spine_synapse_053,3,14866,4008,4590,12984571.0,183,401,374
non_spine_synapse_050,3,14906,3995,4662,13136232.0,223,388,446
non_spine_synapse_046,3,15016,3917,4496,14801542.0,333,310,280
non_spine_synapse_042,3,14993,3801,4625,12984571.0,310,194,409
non_spine_synapse_041,3,15022,3767,4566,12984571.0,339,160,350
non_spine_synapse_037,3,14983,3795,4487,12984571.0,300,188,271
non_spine_synapse_035,3,14973,4083,4525,14801489.0,290,476,309
non_spine_synapse_034,3,14961,4085,4557,14801489.0,278,478,341
non_spine_synapse_033,3,15114,4047,4633,13271819.0,431,440,417
non_spine_synapse_031,3,14897,4032,4605,12984571.0,214,425,389
non_spine_synapse_030,3,14816,3840,4633,13062646.0,133,233,417
non_spine_synapse_024,3,15014,3944,4516,12984571.0,331,337,300
non_spine_synapse_021,3,14952,3741,4468,13062973.0,269,134,252
non_spine_synapse_020,3,14936,3830,4465,12984571.0,253,223,249
non_spine_synapse_018,3,14855,3814,4474,13063139.0,172,207,258
non_spine_synapse_017,3,14793,3956,4509,12984571.0,110,349,293
non_spine_synapse_016,3,15008,3978,4495,12984571.0,325,371,279
non_spine_synapse_015,3,15003,3929,4499,12984571.0,320,322,283
non_spine_synapse_014,3,14970,3929,4397,12984571.0,287,322,181
non_spine_synapse_013,3,15109,3828,4398,12983306.0,426,221,182
spine_synapse_001,3,15144,3930,4386,12983306.0,461,323,170
non_spine_synapse_012,3,15067,3786,4317,13061560.0,384,179,101
non_spine_synapse_011,3,15087,3797,4317,13061560.0,404,190,101
non_spine_synapse_010,3,15043,3716,4307,13062973.0,360,109,91
explorative_2024-09-02_Ali_Karimi_040,4,16055,7124,10694,20766462.0,342,215,386
explorative_2024-09-02_Ali_Karimi_039,4,15981,7132,10614,12431161.0,268,223,306
explorative_2024-09-02_Ali_Karimi_038,4,16062,7099,10494,442820.0,349,190,186
explorative_2024-09-02_Ali_Karimi_037,4,16114,7093,10427,442820.0,401,184,119
explorative_2024-08-03_Ali_Karimi_034,4,16071,7098,10689,20766462.0,358,189,381
explorative_2024-08-03_Ali_Karimi_032,4,15936,7135,10711,12431161.0,223,226,403
explorative_2024-08-03_Ali_Karimi_031,4,15946,7246,10637,17179316.0,233,337,329
explorative_2024-08-03_Ali_Karimi_030,4,15947,7215,10698,12431161.0,234,306,390
explorative_2024-08-03_Ali_Karimi_029,4,15939,7176,10681,12431161.0,226,267,373
explorative_2024-08-03_Ali_Karimi_028,4,15952,7155,10681,12431161.0,239,246,373
explorative_2024-08-03_Ali_Karimi_027,4,15977,7146,10635,12431161.0,264,237,327
explorative_2024-08-03_Ali_Karimi_026,4,16007,7127,10622,12431161.0,294,218,314
explorative_2024-08-03_Ali_Karimi_023,4,16173,7334,10632,20851341.0,460,425,324
explorative_2024-08-03_Ali_Karimi_022,4,15925,7297,10624,17179316.0,212,388,316
explorative_2024-08-03_Ali_Karimi_021,4,15960,7259,10624,17179316.0,247,350,316
explorative_2024-08-03_Ali_Karimi_019,4,15897,7227,10449,17256568.0,184,318,141
explorative_2024-08-03_Ali_Karimi_018,4,15855,7084,10409,12681295.0,142,175,101
explorative_2024-08-03_Ali_Karimi_017,4,15875,7057,10419,12681295.0,162,148,111
explorative_2024-08-03_Ali_Karimi_016,4,15860,7101,10460,17179714.0,147,192,152
explorative_2024-08-03_Ali_Karimi_013,4,15853,7082,10463,17179714.0,140,173,155
explorative_2024-08-03_Ali_Karimi_012,4,15795,7126,10439,526580.0,82,217,131
explorative_2024-08-03_Ali_Karimi_011,4,15892,7071,10597,17179407.0,179,162,289
explorative_2024-08-03_Ali_Karimi_010,4,15824,7117,10432,526580.0,111,208,124
explorative_2024-08-03_Ali_Karimi_009,4,16028,7029,10501,442820.0,315,120,193
explorative_2024-08-03_Ali_Karimi_008,4,16014,7359,10602,17179316.0,301,450,294
explorative_2024-08-03_Ali_Karimi_007,4,16031,7383,10607,17179316.0,318,474,299
explorative_2024-08-03_Ali_Karimi_006,4,16016,7264,10632,17179316.0,303,355,324
explorative_2024-08-03_Ali_Karimi_005,4,16040,7270,10628,17179316.0,327,361,320
explorative_2024-08-03_Ali_Karimi_004,4,16063,7251,10662,17179316.0,350,342,354
explorative_2024-08-03_Ali_Karimi_003,4,16059,7325,10598,17179316.0,346,416,290
explorative_2024-08-03_Ali_Karimi_002,4,15954,7191,10542,17256568.0,241,282,234
explorative_2024-08-03_Ali_Karimi_001,4,15906,7057,10574,17179407.0,193,148,266
non_spine_synapse_005,5,2118,9331,8622,34392.0,436,469,413
spine_synapse_001,5,1852,9303,8543,2133385.0,170,441,334
non_spine_synapse_004,5,2141,9221,8596,34392.0,459,359,387
non_spine_synapse_003,5,2083,9285,8620,34392.0,401,423,411
non_spine_synapse_002,5,1770,9282,8604,2133385.0,88,420,395
non_spine_synapse_001,5,1979,9258,8408,2134914.0,297,396,199
non_spine_synapse_074,5,1811,9034,8313,34392.0,129,172,104
non_spine_synapse_073,5,1791,9067,8598,952445.0,109,205,389
spine_synapse_009,5,2110,9162,8325,760950.0,428,300,116
spine_synapse_008,5,2139,9150,8325,760950.0,457,288,116
non_spine_synapse_071,5,2068,9317,8542,34392.0,386,455,333
non_spine_synapse_068,5,1904,9179,8461,2134914.0,222,317,252
non_spine_synapse_065,5,1907,9151,8451,2134914.0,225,289,242
spine_synapse_007,5,1812,9214,8433,2134914.0,130,352,224
spine_synapse_006,5,1812,9174,8439,2134914.0,130,312,230
spine_synapse_005,5,1855,9115,8429,2134914.0,173,253,220
non_spine_synapse_064,5,1837,9072,8408,2134914.0,155,210,199
non_spine_synapse_062,5,1803,9116,8349,2134914.0,121,254,140
non_spine_synapse_061,5,1839,9096,8345,2134914.0,157,234,136
non_spine_synapse_060,5,1886,9079,8345,2134914.0,204,217,136
non_spine_synapse_059,5,1872,9073,8365,2134914.0,190,211,156
non_spine_synapse_058,5,1820,9074,8369,2134914.0,138,212,160
non_spine_synapse_057,5,1901,9077,8367,2134914.0,219,215,158
non_spine_synapse_056,5,1892,9081,8402,2134914.0,210,219,193
non_spine_synapse_055,5,1957,9134,8413,2134914.0,275,272,204
non_spine_synapse_054,5,1820,9272,8412,2134914.0,138,410,203
non_spine_synapse_053,5,1858,9263,8435,2134914.0,176,401,226
non_spine_synapse_052,5,1994,9234,8416,2134914.0,312,372,207
non_spine_synapse_051,5,1936,9105,8396,2134914.0,254,243,187
spine_synapse_004,5,2088,9195,8563,34392.0,406,333,354
non_spine_synapse_050,5,1811,9199,8465,2134914.0,129,337,256
non_spine_synapse_048,5,2070,8985,8600,17831653.0,388,123,391
non_spine_synapse_046,5,2079,9065,8661,19148926.0,397,203,452
non_spine_synapse_045,5,1930,9157,8640,952445.0,248,295,431
non_spine_synapse_044,5,1845,9295,8580,2133385.0,163,433,371
non_spine_synapse_043,5,1795,9093,8624,952445.0,113,231,415
non_spine_synapse_041,5,1969,8965,8539,891349.0,287,103,330
non_spine_synapse_038,5,2016,8989,8419,2131149.0,334,127,210
non_spine_synapse_036,5,1991,9020,8465,19148731.0,309,158,256
non_spine_synapse_035,5,1831,8998,8430,19082488.0,149,136,221
non_spine_synapse_033,5,1956,8988,8498,676764.0,274,126,289
non_spine_synapse_032,5,1956,9015,8494,676764.0,274,153,285
non_spine_synapse_031,5,1817,9083,8441,2134914.0,135,221,232
non_spine_synapse_030,5,1954,9183,8328,2134914.0,272,321,119
non_spine_synapse_029,5,1991,9201,8333,2134914.0,309,339,124
non_spine_synapse_028,5,2115,9096,8427,34392.0,433,234,218
non_spine_synapse_022,5,2043,9085,8314,760950.0,361,223,105
non_spine_synapse_018,5,2077,9063,8326,2131149.0,395,201,117
non_spine_synapse_017,5,2154,9210,8432,34392.0,472,348,223
spine_synapse_003,5,2082,9155,8540,34392.0,400,293,331
spine_synapse_002,5,2117,9205,8490,34392.0,435,343,281
non_spine_synapse_016,5,2081,9258,8518,34392.0,399,396,309
non_spine_synapse_015,5,2085,9337,8542,34392.0,403,475,333
non_spine_synapse_014,5,2067,9336,8548,34392.0,385,474,339
non_spine_synapse_013,5,2106,9332,8536,34392.0,424,470,327
non_spine_synapse_011,5,2130,9238,8458,34392.0,448,376,249
non_spine_synapse_010,5,2095,9262,8495,34392.0,413,400,286
non_spine_synapse_009,5,2116,9244,8471,34392.0,434,382,262
spine_synapse_072,6,16953,11202,15723,5667147.0,353,102,250
non_spine_synapse_026,6,16716,11408,15645,5667147.0,116,308,172
spine_synapse_073,6,16957,11430,15741,5667147.0,357,330,268
spine_synapse_071,6,16748,11270,15612,5667147.0,148,170,139
spine_synapse_070,6,16751,11298,15612,5667147.0,151,198,139
spine_synapse_069,6,16757,11288,15649,5667147.0,157,188,176
spine_synapse_068,6,16775,11316,15645,5667147.0,175,216,172
spine_synapse_067,6,16772,11348,15640,5667147.0,172,248,167
non_spine_synapse_024,6,16731,11356,15652,5667147.0,131,256,179
non_spine_synapse_023,6,16710,11325,15658,5667147.0,110,225,185
spine_synapse_066,6,16757,11292,15664,5667147.0,157,192,191
spine_synapse_065,6,16766,11364,15668,5667147.0,166,264,195
spine_synapse_064,6,16811,11362,15672,5667147.0,211,262,199
spine_synapse_063,6,16800,11253,15679,5667147.0,200,153,206
spine_synapse_062,6,16805,11243,15679,5667147.0,205,143,206
spine_synapse_061,6,16812,11235,15679,5667147.0,212,135,206
spine_synapse_060,6,16807,11292,15692,5667147.0,207,192,219
spine_synapse_059,6,16859,11367,15706,5667147.0,259,267,233
spine_synapse_058,6,16886,11366,15699,5667147.0,286,266,226
spine_synapse_057,6,16957,11331,15734,5667147.0,357,231,261
spine_synapse_056,6,16809,11405,15670,5667147.0,209,305,197
spine_synapse_055,6,16828,11428,15668,5667147.0,228,328,195
spine_synapse_054,6,16807,11381,15686,5667147.0,207,281,213
spine_synapse_053,6,16823,11440,15683,5667147.0,223,340,210
spine_synapse_051,6,16875,11436,15695,5667147.0,275,336,222
spine_synapse_063,6,16755,11398,15621,5667147.0,155,298,148
spine_synapse_050,6,16892,11453,15685,5667147.0,292,353,212
spine_synapse_049,6,16927,11475,15685,5667147.0,327,375,212
spine_synapse_048,6,16947,11448,15685,5667147.0,347,348,212
spine_synapse_047   ,6,16837,11483,15666,5667147.0,237,383,193
spine_synapse_046,6,16832,11488,15643,5667147.0,232,388,170
spine_synapse_045,6,16849,11476,15641,5667147.0,249,376,168
non_spine_synapse_022,6,16782,11466,15641,5667147.0,182,366,168
spine_synapse_044,6,16895,11496,15606,5667147.0,295,396,133
spine_synapse_043,6,16914,11564,15624,5667147.0,314,464,151
spine_synapse_042,6,16763,11367,15625,5667147.0,163,267,152
spine_synapse_041,6,16757,11335,15625,5667147.0,157,235,152
spine_synapse_040,6,16825,11229,15615,5667147.0,225,129,142
non_spine_synapse_021,6,16748,11234,15614,5667147.0,148,134,141
spine_synapse_039,6,16763,11303,15630,5667147.0,163,203,157
spine_synapse_038,6,16741,11277,15630,5667147.0,141,177,157
spine_synapse_037,6,16768,11247,15598,5667147.0,168,147,125
spine_synapse_036,6,16764,11364,15620,5667147.0,164,264,147
spine_synapse_035,6,16906,11503,15592,5667147.0,306,403,119
spine_synapse_034,6,16869,11511,15592,5667147.0,269,411,119
spine_synapse_033,6,16763,11274,15583,5667147.0,163,174,110
spine_synapse_032,6,16886,11394,15703,5667147.0,286,294,230
spine_synapse_031,6,16861,11416,15708,5667147.0,261,316,235
spine_synapse_030,6,16913,11451,15708,5667147.0,313,351,235
spine_synapse_029,6,16881,11477,15708,5667147.0,281,377,235
spine_synapse_028,6,16832,11451,15706,5667147.0,232,351,233
spine_synapse_027,6,16946,11413,15708,5667147.0,346,313,235
spine_synapse_026,6,16944,11402,15717,5667147.0,344,302,244
spine_synapse_025,6,16909,11457,15719,5667147.0,309,357,246
spine_synapse_024,6,16875,11436,15721,5667147.0,275,336,248
spine_synapse_023,6,16862,11421,15721,5667147.0,262,321,248
spine_synapse_022,6,16854,11365,15721,5667147.0,254,265,248
spine_synapse_021,6,16882,11296,15721,5667147.0,282,196,248
spine_synapse_020,6,16951,11265,15737,5667147.0,351,165,264
non_spine_synapse_020,6,16907,11365,15805,5667147.0,307,265,332
spine_synapse_019,6,16902,11462,15805,5667147.0,302,362,332
non_spine_synapse_019,6,17075,11498,15744,5667147.0,475,398,271
spine_synapse_018,6,16885,11424,15726,5667147.0,285,324,253
spine_synapse_017,6,16871,11403,15726,5667147.0,271,303,253
spine_synapse_016,6,16930,11397,15726,5667147.0,330,297,253
spine_synapse_015,6,16964,11424,15726,5667147.0,364,324,253
spine_synapse_014,6,16818,11414,15730,5667147.0,218,314,257
spine_synapse_013,6,16875,11482,15728,5667147.0,275,382,255
spine_synapse_012,6,16882,11284,15726,5667147.0,282,184,253
spine_synapse_011,6,16891,11343,15746,5667147.0,291,243,273
non_spine_synapse_018   ,6,16847,11442,15756,5667147.0,247,342,283
spine_synapse_010,6,16923,11224,15745,5667147.0,323,124,272
spine_synapse_008,6,16917,11370,15745,5667147.0,317,270,272
spine_synapse_007,6,16988,11248,15749,5667147.0,388,148,276
spine_synapse_006,6,16954,11255,15758,5667147.0,354,155,285
spine_synapse_005,6,16929,11294,15758,5667147.0,329,194,285
spine_synapse_004,6,16942,11305,15758,5667147.0,342,205,285
spine_synapse_003,6,16914,11331,15762,5667147.0,314,231,289
spine_synapse_002,6,16880,11336,15763,5667147.0,280,236,290
non_spine_synapse_017,6,16845,11461,15769,5667147.0,245,361,296
non_spine_synapse_016,6,16992,11341,15795,5667147.0,392,241,322
spine_synapse_001,6,16932,11379,15769,5667147.0,332,279,296
non_spine_synapse_015,6,17062,11268,15776,676716.0,462,168,303
non_spine_synapse_014,6,17018,11351,15805,5667147.0,418,251,332
non_spine_synapse_013,6,17056,11237,15802,676716.0,456,137,329
non_spine_synapse_012,6,16753,11194,15810,5667147.0,153,94,337
non_spine_synapse_011,6,16956,11320,15820,5667147.0,356,220,347
non_spine_synapse_010,6,16941,11524,15820,5667147.0,341,424,347
non_spine_synapse_009,6,17068,11225,15831,676716.0,468,125,358
non_spine_synapse_008,6,17022,11221,15827,676716.0,422,121,354
non_spine_synapse_007,6,16998,11576,15883,7321642.0,398,476,410
non_spine_synapse_006,6,16978,11542,15850,7321642.0,378,442,377
non_spine_synapse_005,6,17028,11262,15889,676716.0,428,162,416
non_spine_synapse_004,6,17020,11293,15880,676716.0,420,193,407
non_spine_synapse_003,6,16992,11560,15900,7321642.0,392,460,427
non_spine_synapse_002,6,17018,11236,15865,676716.0,418,136,392
non_spine_synapse_001,6,16802,11366,15862,5054.0,202,266,389
non_spine_synapse_059,7,12651,9701,16752,7183532.0,311,285,313
non_spine_synapse_058,7,12736,9794,16785,684619.0,396,378,346
non_spine_synapse_056,7,12768,9640,16838,7183532.0,428,224,399
non_spine_synapse_055,7,12764,9523,16813,7183532.0,424,107,374
non_spine_synapse_054,7,12471,9593,16936,5342288.0,131,177,497
non_spine_synapse_052,7,12699,9560,16600,4417214.0,359,144,161
non_spine_synapse_051,7,12458,9573,16636,7182999.0,118,157,197
non_spine_synapse_050,7,12696,9757,16770,7183532.0,356,341,331
non_spine_synapse_049,7,12707,9731,16788,7183532.0,367,315,349
spine_synapse_004,7,12461,9562,16852,5342288.0,121,146,413
spine_synapse_003,7,12499,9547,16874,5342288.0,159,131,435
non_spine_synapse_043,7,12565,9562,16570,5672583.0,225,146,131
non_spine_synapse_042,7,12712,9732,16648,7183532.0,372,316,209
non_spine_synapse_041,7,12698,9552,16549,4417214.0,358,136,110
non_spine_synapse_037,7,12691,9883,16593,17067.0,351,467,154
non_spine_synapse_036,7,12661,9871,16589,17067.0,321,455,150
non_spine_synapse_034,7,12635,9820,16783,17067.0,295,404,344
non_spine_synapse_031,7,12437,9744,16581,5675942.0,97,328,142
non_spine_synapse_030,7,12444,9751,16581,5675942.0,104,335,142
non_spine_synapse_028,7,12723,9875,16598,17067.0,383,459,159
non_spine_synapse_027,7,12768,9681,16600,7183532.0,428,265,161
non_spine_synapse_026,7,12801,9636,16774,7183532.0,461,220,335
non_spine_synapse_025,7,12613,9592,16757,7183457.0,273,176,318
non_spine_synapse_024,7,12717,9512,16825,7183532.0,377,96,386
non_spine_synapse_023,7,12704,9531,16832,7183532.0,364,115,393
non_spine_synapse_022,7,12599,9666,16905,15262.0,259,250,466
non_spine_synapse_020,7,12742,9794,16880,16620.0,402,378,441
non_spine_synapse_019,7,12715,9799,16896,16620.0,375,383,457
non_spine_synapse_018,7,12643,9844,16776,17067.0,303,428,337
non_spine_synapse_017,7,12729,9803,16764,17067.0,389,387,325
non_spine_synapse_016,7,12500,9740,16666,4230184.0,160,324,227
non_spine_synapse_015,7,12480,9736,16666,4230184.0,140,320,227
non_spine_synapse_012,7,12602,9687,16745,7183457.0,262,271,306
non_spine_synapse_011,7,12794,9648,16743,7183532.0,454,232,304
non_spine_synapse_010,7,12776,9661,16743,7183532.0,436,245,304
non_spine_synapse_009,7,12527,9532,16720,4235592.0,187,116,281
non_spine_synapse_007,7,12500,9522,16684,513926.0,160,106,245
non_spine_synapse_006,7,12520,9530,16686,4235592.0,180,114,247
non_spine_synapse_005,7,12723,9719,16668,7183532.0,383,303,229
non_spine_synapse_004,7,12729,9710,16668,7183532.0,389,294,229
non_spine_synapse_002,7,12688,9599,16552,4417214.0,348,183,113
non_spine_synapse_001,7,12676,9760,16541,4417214.0,336,344,102
